{"label": [0.04761904761904767, 0.0], "shapley": [0.04761904761904767, 0.0], "cem": [0.126984126984127, 0.1472002935792969], "concept2vec": [0.04761904761904767, 0.0]}