{"label": [0.9970238095238096, 1.1102230246251565e-16], "shapley": [0.9970238095238096, 1.1102230246251565e-16], "cem": [0.9692460317460317, 0.009200018348706021], "concept2vec": [0.9920634920634921, 0.002805979290422798]}