{"label": [0.8065476190476191, 0.0], "shapley": [0.7916666666666666, 0.0], "cem": [0.9593253968253969, 0.00505855110475478], "concept2vec": [0.8273809523809524, 0.01928791874526147]}