{"label": {"euclidean": {"euclidean": [0.0, 0.0], "cosine": [0.35714285714285704, 5.551115123125783e-17], "manhattan": [0.0, 0.0]}, "cosine": {"euclidean": [0.35714285714285704, 5.551115123125783e-17], "cosine": [0.0, 0.0], "manhattan": [0.35714285714285704, 5.551115123125783e-17]}, "manhattan": {"euclidean": [0.0, 0.0], "cosine": [0.35714285714285704, 5.551115123125783e-17], "manhattan": [0.0, 0.0]}}, "shapley": {"euclidean": {"euclidean": [0.0, 0.0], "cosine": [0.2232142857142857, 0.002430049347999176], "manhattan": [0.38988095238095233, 0.0]}, "cosine": {"euclidean": [0.2232142857142857, 0.002430049347999176], "cosine": [0.0, 0.0], "manhattan": [0.3015873015873016, 0.0028059792904227975]}, "manhattan": {"euclidean": [0.38988095238095233, 0.0], "cosine": [0.3015873015873016, 0.0028059792904227975], "manhattan": [0.0, 0.0]}}, "cem": {"euclidean": {"euclidean": [0.0, 0.0], "cosine": [0.4662698412698412, 0.1045297903581099], "manhattan": [0.21428571428571427, 0.03214653124210247]}, "cosine": {"euclidean": [0.4662698412698412, 0.1045297903581099], "cosine": [0.0, 0.0], "manhattan": [0.4662698412698412, 0.07796382025550991]}, "manhattan": {"euclidean": [0.21428571428571427, 0.03214653124210247], "cosine": [0.4662698412698412, 0.07796382025550991], "manhattan": [0.0, 0.0]}}, "concept2vec": {"euclidean": {"euclidean": [0.0, 0.0], "cosine": [0.43253968253968256, 0.0014029896452113987], "manhattan": [0.1686507936507937, 0.012470044732119583]}, "cosine": {"euclidean": [0.43253968253968256, 0.0014029896452113987], "cosine": [0.0, 0.0], "manhattan": [0.4761904761904762, 0.013529942159708182]}, "manhattan": {"euclidean": [0.1686507936507937, 0.012470044732119583], "cosine": [0.4761904761904762, 0.013529942159708182], "manhattan": [0.0, 0.0]}}}