{"cosine": [[0.9563492063492064, 282.6666666666667], [0.7152777777777777, 261.6666666666667], [0.14682539682539686, 140.66666666666666], [0.9623015873015873, 279.6666666666667], [0.7043650793650794, 258.3333333333333], [0.9672619047619048, 282.3333333333333]], "euclidean": [[0.9573412698412698, 284.3333333333333], [0.6646825396825397, 269.3333333333333], [0.44146825396825395, 236.0], [0.951388888888889, 286.0], [0.685515873015873, 264.0], [0.9702380952380952, 285.6666666666667]]}